Variable,T-statistic,P-value
Grip strength,-1.5303334194571003,0.1644646461051128
Height,0.5569036104614213,0.5928270234689104
